iter	MultiClass
0	0.9587256911
1	0.8645207014
2	0.7831940888
3	0.7115766874
4	0.6484769442
5	0.5990551785
6	0.5501356039
7	0.5137826662
8	0.4768944651
9	0.4421289179
